id,cat,name,price,inStock,author,series_t,sequence_i,genre_s
1234,book,A Game of Thrones,7.99,TRUE,George R.R. Martin,A Song of Ice and Fire,1,fantasy
1235,book,A Clash of Kings,7.99,TRUE,George R.R. Martin,A Song of Ice and Fire,2,fantasy
1236,book,A Storm of Swords,7.99,TRUE,George R.R. Martin,A Song of Ice and Fire,3,fantasy
1237,book,Foundation,7.99,TRUE,Isaac Asimov,Foundation Novels,1,scifi
1238,book,The Black Company,6.99,FALSE,Glen Cook,The Chronicles of The Black Company,1,fantasy
1239,book,Ender's Game,6.99,TRUE,Orson Scott Card,Ender,1,scifi
1240,book,Jhereg,7.95,FALSE,Steven Brust,Vlad Taltos,1,fantasy
1241,book,Nine Princes In Amber,6.99,TRUE,Roger Zelazny,the Chronicles of Amber,1,fantasy
1242,book,The Book of Three,5.99,TRUE,Lloyd Alexander,The Chronicles of Prydain,1,fantasy
1243,book,The Black Cauldron,5.99,TRUE,Lloyd Alexander,The Chronicles of Prydain,2,fantasy